{"cameraMode":{"drawMode":0,"name":"Shaded","section":"Shading Mode"},"sceneLighting":true,"audioPlay":false,"sceneViewState":{"showFog":true,"showMaterialUpdate":false,"showSkybox":false,"showFlares":true,"showImageEffects":true,"showParticleSystems":true},"in2DMode":false,"pivot":{"x":37.408531188964847,"y":-9.968090057373047,"z":32.30265808105469},"rotation":{"x":0.2848779857158661,"y":-0.18962445855140687,"z":0.057599231600761417,"w":0.9378551244735718},"size":81.5724868774414,"orthographic":false}